{
  "name": "backend",
  "version": "1.0.0",
  "lockfileVersion": 3,
  "requires": true,
  "packages": {
    "": {
      "name": "backend",
      "version": "1.0.0",
      "dependencies": {
        "@google-cloud/speech": "^7.2.0",
        "@google-cloud/text-to-speech": "^6.2.0",
        "bcryptjs": "^2.4.3",
        "cars": "^1.1.6",
        "cors": "^2.8.5",
        "dotenv": "^16.6.1",
        "express": "^4.21.2",
        "express-ws": "^5.0.2",
        "http": "^0.0.1-security",
        "jsonwebtoken": "^9.0.2",
        "mongoose": "^7.8.7",
        "multer": "^1.4.5-lts.1",
        "nodemon": "^3.1.10",
        "pdf-parse": "^1.1.1",
        "python-shell": "^5.0.0",
        "ws": "^8.18.3"
      }
    },
    "node_modules/@aws-crypto/sha256-browser": {
      "version": "5.2.0",
      "resolved": "https://registry.npmjs.org/@aws-crypto/sha256-browser/-/sha256-browser-5.2.0.tgz",
      "integrity": "sha512-AXfN/lGotSQwu6HNcEsIASo7kWXZ5HYWvfOmSNKDsEqC4OashTp8alTmaz+F7TC2L083SFv5RdB+qU3Vs1kZqw==",
      "optional": true,
      "peer": true,
      "dependencies": {
        "@aws-crypto/sha256-js": "^5.2.0",
        "@aws-crypto/supports-web-crypto": "^5.2.0",
        "@aws-crypto/util": "^5.2.0",
        "@aws-sdk/types": "^3.222.0",
        "@aws-sdk/util-locate-window": "^3.0.0",
        "@smithy/util-utf8": "^2.0.0",
        "tslib": "^2.6.2"
      }
    },
    "node_modules/@aws-crypto/sha256-browser/node_modules/@smithy/is-array-buffer": {
      "version": "2.2.0",
      "resolved": "https://registry.npmjs.org/@smithy/is-array-buffer/-/is-array-buffer-2.2.0.tgz",
      "integrity": "sha512-GGP3O9QFD24uGeAXYUjwSTXARoqpZykHadOmA8G5vfJPK0/DC67qa//0qvqrJzL1xc8WQWX7/yc7fwudjPHPhA==",
      "optional": true,
      "peer": true,
      "dependencies": {
        "tslib": "^2.6.2"
      },
      "engines": {
        "node": ">=14.0.0"
      }
    },
    "node_modules/@aws-crypto/sha256-browser/node_modules/@smithy/util-buffer-from": {
      "version": "2.2.0",
      "resolved": "https://registry.npmjs.org/@smithy/util-buffer-from/-/util-buffer-from-2.2.0.tgz",
      "integrity": "sha512-IJdWBbTcMQ6DA0gdNhh/BwrLkDR+ADW5Kr1aZmd4k3DIF6ezMV4R2NIAmT08wQJ3yUK82thHWmC/TnK/wpMMIA==",
      "optional": true,
      "peer": true,
      "dependencies": {
        "@smithy/is-array-buffer": "^2.2.0",
        "tslib": "^2.6.2"
      },
      "engines": {
        "node": ">=14.0.0"
      }
    },
    "node_modules/@aws-crypto/sha256-browser/node_modules/@smithy/util-utf8": {
      "version": "2.3.0",
      "resolved": "https://registry.npmjs.org/@smithy/util-utf8/-/util-utf8-2.3.0.tgz",
      "integrity": "sha512-R8Rdn8Hy72KKcebgLiv8jQcQkXoLMOGGv5uI1/k0l+snqkOzQ1R0ChUBCxWMlBsFMekWjq0wRudIweFs7sKT5A==",
      "optional": true,
      "peer": true,
      "dependencies": {
        "@smithy/util-buffer-from": "^2.2.0",
        "tslib": "^2.6.2"
      },
      "engines": {
        "node": ">=14.0.0"
      }
    },
    "node_modules/@aws-crypto/sha256-js": {
      "version": "5.2.0",
      "resolved": "https://registry.npmjs.org/@aws-crypto/sha256-js/-/sha256-js-5.2.0.tgz",
      "integrity": "sha512-FFQQyu7edu4ufvIZ+OadFpHHOt+eSTBaYaki44c+akjg7qZg9oOQeLlk77F6tSYqjDAFClrHJk9tMf0HdVyOvA==",
      "optional": true,
      "peer": true,
      "dependencies": {
        "@aws-crypto/util": "^5.2.0",
        "@aws-sdk/types": "^3.222.0",
        "tslib": "^2.6.2"
      },
      "engines": {
        "node": ">=16.0.0"
      }
    }
  }
}
   

[
  {
    "_id": {
      "$oid": "68c6d2f0d2438a9e88cb4c8b"
    },
    "username": "VM",
    "email": "vm@gmail.com",
    "password": "$2b$12$aGeajg4iTzVR0WdO8kA.f.2z6iTbwcDaZQ4rFXjpy4ki7Hghj1GzC"
  },
  {
    "_id": {
      "$oid": "68c6d2f0d2438a9e88cb4c8c"
    },
    "username": "AR",
    "email": "ar@gmail.com",
    "password": "$2b$12$hL3r8vT7xPZs2C6pNnR1Le7oLqzG5Vu9Qv3s7lZQe5xL6qT7XkD8b2"
  },
  {
    "_id": {
      "$oid": "68c6d2f0d2438a9e88cb4c8d"
    },
    "username": "SK",
    "email": "sk@gmail.com",
    "password": "$2b$12$Zx7pU2mA8hQbL4kT5rN9yN1VhJdZ9lYkQ3rH5aG2bN4wP8jF3kD6y"
  },
  {
    "_id": {
      "$oid": "68c6d2f0d2438a9e88cb4c8e"
    },
    "username": "RJ",
    "email": "rj@gmail.com",
    "password": "$2b$12$yU2nQ5vR8kD3aP6sM1tZ2oV9rLwC7eF3gH5kX2pJ8qT9dM4uR6nG"
  },
  {
    "_id": {
      "$oid": "68c6d2f0d2438a9e88cb4c8f"
    },
    "username": "NP",
    "email": "np@gmail.com",
    "password": "$2b$12$kR7mH3vT5xF9bQ6aP1wN8sL2dE4uG7rY3kV5tB2zQ6fC8nR9lP1"
  },
  {
    "_id": {
      "$oid": "68c6d2f0d2438a9e88cb4c90"
    },
    "username": "TK",
    "email": "tk@gmail.com",
    "password": "$2b$12$gN2qV6sM9bT1rP3xL8cF5wE4aK9tH2yG3nD7zR1uJ6mQ8vS5pL0"
  },
  {
    "_id": {
      "$oid": "68c6d2f0d2438a9e88cb4c91"
    },
    "username": "LK",
    "email": "lk@gmail.com",
    "password": "$2b$12$nK9qF3rT1xV6mB7aG2pJ8tD5cY3wL9rH4uS6nE8fQ0dR2zM5vP1"
  },
  {
    "_id": {
      "$oid": "68c6d2f0d2438a9e88cb4c92"
    },
    "username": "PR",
    "email": "pr@gmail.com",
    "password": "$2b$12$fL7xP9aT3mQ6sH5nE8dV2yC4uG1rK0zL9tB3jX7pN2qW5vR6kS0"
  },
  {
    "_id": {
      "$oid": "68c6d2f0d2438a9e88cb4c93"
    },
    "username": "SR",
    "email": "sr@gmail.com",
    "password": "$2b$12$dQ3mJ8aP2rF6xH9kN5wT4yL7vZ1uC0sR8bV2gM3pN6jD5tX9kS4"
  },
  {
    "_id": {
      "$oid": "68c6d2f0d2438a9e88cb4c94"
    },
    "username": "VK",
    "email": "vk@gmail.com",
    "password": "$2b$12$bN6tY2rQ3pF8mK9hL1wE5nS4uV0cJ7zG3qR2xT5dA8vM6bP9kN1"
  }
]